-- MySQL dump 10.13  Distrib 8.0.40, for Win64 (x86_64)
--
-- Host: localhost    Database: chat_box
-- ------------------------------------------------------
-- Server version	8.0.40

/*!40101 SET @OLD_CHARACTER_SET_CLIENT=@@CHARACTER_SET_CLIENT */;
/*!40101 SET @OLD_CHARACTER_SET_RESULTS=@@CHARACTER_SET_RESULTS */;
/*!40101 SET @OLD_COLLATION_CONNECTION=@@COLLATION_CONNECTION */;
/*!50503 SET NAMES utf8mb4 */;
/*!40103 SET @OLD_TIME_ZONE=@@TIME_ZONE */;
/*!40103 SET TIME_ZONE='+00:00' */;
/*!40014 SET @OLD_UNIQUE_CHECKS=@@UNIQUE_CHECKS, UNIQUE_CHECKS=0 */;
/*!40014 SET @OLD_FOREIGN_KEY_CHECKS=@@FOREIGN_KEY_CHECKS, FOREIGN_KEY_CHECKS=0 */;
/*!40101 SET @OLD_SQL_MODE=@@SQL_MODE, SQL_MODE='NO_AUTO_VALUE_ON_ZERO' */;
/*!40111 SET @OLD_SQL_NOTES=@@SQL_NOTES, SQL_NOTES=0 */;

--
-- Table structure for table `auth_group`
--

DROP TABLE IF EXISTS `auth_group`;
/*!40101 SET @saved_cs_client     = @@character_set_client */;
/*!50503 SET character_set_client = utf8mb4 */;
CREATE TABLE `auth_group` (
  `id` int NOT NULL AUTO_INCREMENT,
  `name` varchar(150) NOT NULL,
  PRIMARY KEY (`id`),
  UNIQUE KEY `name` (`name`)
) ENGINE=InnoDB DEFAULT CHARSET=utf8mb4 COLLATE=utf8mb4_0900_ai_ci;
/*!40101 SET character_set_client = @saved_cs_client */;

--
-- Dumping data for table `auth_group`
--

LOCK TABLES `auth_group` WRITE;
/*!40000 ALTER TABLE `auth_group` DISABLE KEYS */;
/*!40000 ALTER TABLE `auth_group` ENABLE KEYS */;
UNLOCK TABLES;

--
-- Table structure for table `auth_group_permissions`
--

DROP TABLE IF EXISTS `auth_group_permissions`;
/*!40101 SET @saved_cs_client     = @@character_set_client */;
/*!50503 SET character_set_client = utf8mb4 */;
CREATE TABLE `auth_group_permissions` (
  `id` bigint NOT NULL AUTO_INCREMENT,
  `group_id` int NOT NULL,
  `permission_id` int NOT NULL,
  PRIMARY KEY (`id`),
  UNIQUE KEY `auth_group_permissions_group_id_permission_id_0cd325b0_uniq` (`group_id`,`permission_id`),
  KEY `auth_group_permissio_permission_id_84c5c92e_fk_auth_perm` (`permission_id`),
  CONSTRAINT `auth_group_permissio_permission_id_84c5c92e_fk_auth_perm` FOREIGN KEY (`permission_id`) REFERENCES `auth_permission` (`id`),
  CONSTRAINT `auth_group_permissions_group_id_b120cbf9_fk_auth_group_id` FOREIGN KEY (`group_id`) REFERENCES `auth_group` (`id`)
) ENGINE=InnoDB DEFAULT CHARSET=utf8mb4 COLLATE=utf8mb4_0900_ai_ci;
/*!40101 SET character_set_client = @saved_cs_client */;

--
-- Dumping data for table `auth_group_permissions`
--

LOCK TABLES `auth_group_permissions` WRITE;
/*!40000 ALTER TABLE `auth_group_permissions` DISABLE KEYS */;
/*!40000 ALTER TABLE `auth_group_permissions` ENABLE KEYS */;
UNLOCK TABLES;

--
-- Table structure for table `auth_permission`
--

DROP TABLE IF EXISTS `auth_permission`;
/*!40101 SET @saved_cs_client     = @@character_set_client */;
/*!50503 SET character_set_client = utf8mb4 */;
CREATE TABLE `auth_permission` (
  `id` int NOT NULL AUTO_INCREMENT,
  `name` varchar(255) NOT NULL,
  `content_type_id` int NOT NULL,
  `codename` varchar(100) NOT NULL,
  PRIMARY KEY (`id`),
  UNIQUE KEY `auth_permission_content_type_id_codename_01ab375a_uniq` (`content_type_id`,`codename`),
  CONSTRAINT `auth_permission_content_type_id_2f476e4b_fk_django_co` FOREIGN KEY (`content_type_id`) REFERENCES `django_content_type` (`id`)
) ENGINE=InnoDB AUTO_INCREMENT=33 DEFAULT CHARSET=utf8mb4 COLLATE=utf8mb4_0900_ai_ci;
/*!40101 SET character_set_client = @saved_cs_client */;

--
-- Dumping data for table `auth_permission`
--

LOCK TABLES `auth_permission` WRITE;
/*!40000 ALTER TABLE `auth_permission` DISABLE KEYS */;
INSERT INTO `auth_permission` VALUES (1,'Can add log entry',1,'add_logentry'),(2,'Can change log entry',1,'change_logentry'),(3,'Can delete log entry',1,'delete_logentry'),(4,'Can view log entry',1,'view_logentry'),(5,'Can add permission',2,'add_permission'),(6,'Can change permission',2,'change_permission'),(7,'Can delete permission',2,'delete_permission'),(8,'Can view permission',2,'view_permission'),(9,'Can add group',3,'add_group'),(10,'Can change group',3,'change_group'),(11,'Can delete group',3,'delete_group'),(12,'Can view group',3,'view_group'),(13,'Can add user',4,'add_user'),(14,'Can change user',4,'change_user'),(15,'Can delete user',4,'delete_user'),(16,'Can view user',4,'view_user'),(17,'Can add content type',5,'add_contenttype'),(18,'Can change content type',5,'change_contenttype'),(19,'Can delete content type',5,'delete_contenttype'),(20,'Can view content type',5,'view_contenttype'),(21,'Can add session',6,'add_session'),(22,'Can change session',6,'change_session'),(23,'Can delete session',6,'delete_session'),(24,'Can view session',6,'view_session'),(25,'Can add product',7,'add_product'),(26,'Can change product',7,'change_product'),(27,'Can delete product',7,'delete_product'),(28,'Can view product',7,'view_product'),(29,'Can add chat',8,'add_chat'),(30,'Can change chat',8,'change_chat'),(31,'Can delete chat',8,'delete_chat'),(32,'Can view chat',8,'view_chat');
/*!40000 ALTER TABLE `auth_permission` ENABLE KEYS */;
UNLOCK TABLES;

--
-- Table structure for table `auth_user`
--

DROP TABLE IF EXISTS `auth_user`;
/*!40101 SET @saved_cs_client     = @@character_set_client */;
/*!50503 SET character_set_client = utf8mb4 */;
CREATE TABLE `auth_user` (
  `id` int NOT NULL AUTO_INCREMENT,
  `password` varchar(128) NOT NULL,
  `last_login` datetime(6) DEFAULT NULL,
  `is_superuser` tinyint(1) NOT NULL,
  `username` varchar(150) NOT NULL,
  `first_name` varchar(150) NOT NULL,
  `last_name` varchar(150) NOT NULL,
  `email` varchar(254) NOT NULL,
  `is_staff` tinyint(1) NOT NULL,
  `is_active` tinyint(1) NOT NULL,
  `date_joined` datetime(6) NOT NULL,
  PRIMARY KEY (`id`),
  UNIQUE KEY `username` (`username`)
) ENGINE=InnoDB AUTO_INCREMENT=6 DEFAULT CHARSET=utf8mb4 COLLATE=utf8mb4_0900_ai_ci;
/*!40101 SET character_set_client = @saved_cs_client */;

--
-- Dumping data for table `auth_user`
--

LOCK TABLES `auth_user` WRITE;
/*!40000 ALTER TABLE `auth_user` DISABLE KEYS */;
INSERT INTO `auth_user` VALUES (1,'pbkdf2_sha256$870000$MymoSoujvF2uPtTU3jXguT$LoYNVHc9zsRNAVFqoC/KF5bBwAeppdAU9S2TwR1/q0M=','2024-12-18 07:43:19.456781',1,'nick','','','abc@gmail.com',1,1,'2024-12-17 16:35:28.769539'),(2,'pbkdf2_sha256$870000$qmDy8t74p2Ol7qDyA5Xs25$/QwGNF0BEG3+SGpbLe1ZnZLe/T59UGeznnODn7vEPtw=','2024-12-17 17:13:14.793633',0,'nb2002','','','',0,1,'2024-12-17 17:13:13.980233'),(3,'pbkdf2_sha256$870000$6Hwd4rWiAPAaQ9rzwREvEc$Vb724K42tuvcCfefGoTcVnso+BhatcUb8bzfKfBVpww=','2024-12-18 07:58:32.039378',0,'namami','','','',0,1,'2024-12-18 07:58:31.210150'),(4,'pbkdf2_sha256$870000$Y2ZSaXD7eITphnYMcsUJe1$p//k71yWfoHLEC1Me6XQQBOA1SH29FD9ug7CFzbzXEA=','2024-12-20 09:37:59.479971',0,'dinesh','','','',0,1,'2024-12-20 09:19:48.032434'),(5,'pbkdf2_sha256$870000$YTOowflAQ3JPYNUWKKRnPY$ElQBEvVStRwO5GZs8KyHxRxpw7cEzkHt/zKsg1WkX+Q=','2024-12-21 10:39:44.974767',0,'DEMONKing0120','','','',0,1,'2024-12-20 09:39:25.834381');
/*!40000 ALTER TABLE `auth_user` ENABLE KEYS */;
UNLOCK TABLES;

--
-- Table structure for table `auth_user_groups`
--

DROP TABLE IF EXISTS `auth_user_groups`;
/*!40101 SET @saved_cs_client     = @@character_set_client */;
/*!50503 SET character_set_client = utf8mb4 */;
CREATE TABLE `auth_user_groups` (
  `id` bigint NOT NULL AUTO_INCREMENT,
  `user_id` int NOT NULL,
  `group_id` int NOT NULL,
  PRIMARY KEY (`id`),
  UNIQUE KEY `auth_user_groups_user_id_group_id_94350c0c_uniq` (`user_id`,`group_id`),
  KEY `auth_user_groups_group_id_97559544_fk_auth_group_id` (`group_id`),
  CONSTRAINT `auth_user_groups_group_id_97559544_fk_auth_group_id` FOREIGN KEY (`group_id`) REFERENCES `auth_group` (`id`),
  CONSTRAINT `auth_user_groups_user_id_6a12ed8b_fk_auth_user_id` FOREIGN KEY (`user_id`) REFERENCES `auth_user` (`id`)
) ENGINE=InnoDB DEFAULT CHARSET=utf8mb4 COLLATE=utf8mb4_0900_ai_ci;
/*!40101 SET character_set_client = @saved_cs_client */;

--
-- Dumping data for table `auth_user_groups`
--

LOCK TABLES `auth_user_groups` WRITE;
/*!40000 ALTER TABLE `auth_user_groups` DISABLE KEYS */;
/*!40000 ALTER TABLE `auth_user_groups` ENABLE KEYS */;
UNLOCK TABLES;

--
-- Table structure for table `auth_user_user_permissions`
--

DROP TABLE IF EXISTS `auth_user_user_permissions`;
/*!40101 SET @saved_cs_client     = @@character_set_client */;
/*!50503 SET character_set_client = utf8mb4 */;
CREATE TABLE `auth_user_user_permissions` (
  `id` bigint NOT NULL AUTO_INCREMENT,
  `user_id` int NOT NULL,
  `permission_id` int NOT NULL,
  PRIMARY KEY (`id`),
  UNIQUE KEY `auth_user_user_permissions_user_id_permission_id_14a6b632_uniq` (`user_id`,`permission_id`),
  KEY `auth_user_user_permi_permission_id_1fbb5f2c_fk_auth_perm` (`permission_id`),
  CONSTRAINT `auth_user_user_permi_permission_id_1fbb5f2c_fk_auth_perm` FOREIGN KEY (`permission_id`) REFERENCES `auth_permission` (`id`),
  CONSTRAINT `auth_user_user_permissions_user_id_a95ead1b_fk_auth_user_id` FOREIGN KEY (`user_id`) REFERENCES `auth_user` (`id`)
) ENGINE=InnoDB DEFAULT CHARSET=utf8mb4 COLLATE=utf8mb4_0900_ai_ci;
/*!40101 SET character_set_client = @saved_cs_client */;

--
-- Dumping data for table `auth_user_user_permissions`
--

LOCK TABLES `auth_user_user_permissions` WRITE;
/*!40000 ALTER TABLE `auth_user_user_permissions` DISABLE KEYS */;
/*!40000 ALTER TABLE `auth_user_user_permissions` ENABLE KEYS */;
UNLOCK TABLES;

--
-- Table structure for table `chatbot_chat`
--

DROP TABLE IF EXISTS `chatbot_chat`;
/*!40101 SET @saved_cs_client     = @@character_set_client */;
/*!50503 SET character_set_client = utf8mb4 */;
CREATE TABLE `chatbot_chat` (
  `id` bigint NOT NULL AUTO_INCREMENT,
  `query_type` varchar(50) NOT NULL,
  `user_input` longtext NOT NULL,
  `response` longtext NOT NULL,
  `timestamp` datetime(6) NOT NULL,
  `user_id` int NOT NULL,
  PRIMARY KEY (`id`),
  KEY `chatbot_chat_user_id_843dd6a9_fk_auth_user_id` (`user_id`),
  CONSTRAINT `chatbot_chat_user_id_843dd6a9_fk_auth_user_id` FOREIGN KEY (`user_id`) REFERENCES `auth_user` (`id`)
) ENGINE=InnoDB AUTO_INCREMENT=270 DEFAULT CHARSET=utf8mb4 COLLATE=utf8mb4_0900_ai_ci;
/*!40101 SET character_set_client = @saved_cs_client */;

--
-- Dumping data for table `chatbot_chat`
--

LOCK TABLES `chatbot_chat` WRITE;
/*!40000 ALTER TABLE `chatbot_chat` DISABLE KEYS */;
INSERT INTO `chatbot_chat` VALUES (1,'user_message','start','Welcome! How can I help you today? Please choose one of the following options:\n1. Know product details\n2. Know price\n3. Status of your product\n4. Any other','2024-12-18 07:28:20.464953',2),(2,'user_message','1','Please provide the model name:','2024-12-18 07:28:39.181276',2),(3,'user_message','sa','Your response is stored. Our executive team will get in touch with you within a few minutes.','2024-12-18 07:39:45.350362',2),(4,'user_message','start','Welcome! How can I help you today? Please choose one of the following options:\n1. Know product details\n2. Know price\n3. Status of your product\n4. Any other','2024-12-18 07:58:37.229659',3),(5,'user_message','1','Please provide the model name:','2024-12-18 07:58:43.124659',3),(6,'user_message','Apple AirPods Pro','Product: Apple AirPods Pro\nDetails: Noise-canceling wireless earbuds with spatial audio.\nPrice: $1999.00','2024-12-18 07:58:48.520800',3),(7,'user_message','4','Please write your query:','2024-12-18 07:59:50.582487',3),(8,'user_message','jhriehrgvifhnvi jkghiev','Your response is stored. Our executive team will get in touch with you within a few minutes.','2024-12-18 07:59:57.369104',3),(9,'user_message','4','Please write your query:','2024-12-18 08:00:04.151038',3),(10,'user_message','3','Please provide the Product ID:','2024-12-18 08:00:10.245336',3),(11,'user_message','455658','Your response is stored. Our executive team will get in touch with you within a few minutes.','2024-12-18 08:00:21.316309',3),(12,'user_message','start','Welcome! How can I help you today? Please choose one of the following options:\n1. Know product details\n2. Know price\n3. Status of your product\n4. Any other','2024-12-18 08:22:15.315848',3),(13,'user_message','1','Please provide the model name:','2024-12-18 08:22:18.661417',3),(14,'user_message','samsung s21','Your response is stored. Our executive team will get in touch with you within a few minutes.','2024-12-18 08:22:27.947533',3),(15,'user_message','start','Welcome! How can I help you today? Please choose one of the following options:\n1. Know product details\n2. Know price\n3. Status of your product\n4. Any other','2024-12-18 08:23:21.760195',3),(16,'user_message','1','Please provide the model name:','2024-12-18 08:23:24.303633',3),(17,'user_message','samsung s21','Your response is stored. Our executive team will get in touch with you within a few minutes.','2024-12-18 08:23:35.206315',3),(18,'user_message','1','n a few minutes.','2024-12-18 08:25:04.123423',3),(19,'user_message','start','Welcome! How can I help you today? Please choose one of the following options:\n1. Know product details\n2. Know price\n3. Status of your product\n4. Any other','2024-12-18 08:25:13.329050',3),(20,'user_message','1','n a few minutes.','2024-12-18 08:25:19.386047',3),(21,'user_message','start','Welcome! How can I help you today? Please choose one of the following options:\n1. Know product details\n2. Know price\n3. Status of your product\n4. Any other','2024-12-18 08:26:19.423015',3),(22,'user_message','1','Please provide the model name:','2024-12-18 08:26:25.190596',3),(23,'user_message','start','Welcome! How can I help you today? Please choose one of the following options:\n1. Know product details\n2. Know price\n3. Status of your product\n4. Any other','2024-12-18 08:34:27.325838',3),(24,'user_message','1','sorry','2024-12-18 08:34:31.587269',3),(25,'user_message','start','Welcome! How can I help you today? Please choose one of the following options:\n1. Know product details\n2. Know price\n3. Status of your product\n4. Any other','2024-12-18 08:45:09.589674',3),(26,'user_message','1','Please provide the model name:','2024-12-18 08:45:13.141650',3),(27,'user_message','start','Welcome! How can I help you today? Please choose one of the following options:\n1. Know product details\n2. Know price\n3. Status of your product\n4. Any other','2024-12-18 08:47:00.087972',3),(28,'user_message','1','Please provide the model name:','2024-12-18 08:47:03.639826',3),(29,'user_message','start','Welcome! How can I help you today? Please choose one of the following options:\n1. Know product details\n2. Know price\n3. Status of your product\n4. Any other','2024-12-18 08:47:41.448145',3),(30,'user_message','1','Please provide the model name:','2024-12-18 08:47:45.845721',3),(31,'user_message','start','Welcome! How can I help you today? Please choose one of the following options:\n1. Know product details\n2. Know price\n3. Status of your product\n4. Any other','2024-12-18 09:03:32.557698',3),(32,'user_message','1','Please provide the model name:','2024-12-18 09:03:36.535387',3),(33,'user_message','samsung','Your response is stored. Our executive team will get in touch with you within a few minutes.','2024-12-18 09:03:43.912381',3),(34,'user_message','start','Welcome! How can I help you today? Please choose one of the following options:\n1. Know product details\n2. Know price\n3. Status of your product\n4. Any other','2024-12-18 09:05:26.835857',3),(35,'user_message','1','Please provide the model name:','2024-12-18 09:05:31.201648',3),(36,'user_message','Apple AirPods Pro','Product: Apple AirPods Pro\nDetails: Noise-canceling wireless earbuds with spatial audio.\nPrice: $1999.00','2024-12-18 09:06:13.403715',3),(37,'user_message','start','Welcome! How can I help you today? Please choose one of the following options:\n1. Know product details\n2. Know price\n3. Status of your product\n4. Any other','2024-12-18 09:12:27.082302',3),(38,'user_message','1','Please provide the model name:','2024-12-18 09:12:32.806596',3),(39,'user_message','start','Welcome! How can I help you today? Please choose one of the following options:\n1. Know product details\n2. Know price\n3. Status of your product\n4. Any other','2024-12-18 09:16:08.543776',3),(40,'user_message','1','Please provide the model name:','2024-12-18 09:16:11.193734',3),(41,'user_message','samsung','Your response is stored. Our executive team will get in touch with you within a few minutes.','2024-12-18 09:16:16.516170',3),(42,'user_message','start','Welcome! How can I help you today? Please choose one of the following options:\n1. Know product details\n2. Know price\n3. Status of your product\n4. Any other','2024-12-18 09:17:40.921577',3),(43,'user_message','1','Please provide the model name:','2024-12-18 09:17:44.394997',3),(44,'user_message','model','Your response is stored. Our executive team will get in touch with you within a few minutes.','2024-12-18 09:17:48.793174',3),(45,'user_message','start','Welcome! How can I help you today? Please choose one of the following options:\n1. Know product details\n2. Know price\n3. Status of your product\n4. Any other','2024-12-18 09:37:21.477277',3),(46,'user_message','1','Please provide the model name:','2024-12-18 09:37:25.893414',3),(47,'user_message','Apple AirPods Pro','provid valid','2024-12-18 09:37:47.261205',3),(48,'user_message','start','Welcome! How can I help you today? Please choose one of the following options:\n1. Know product details\n2. Know price\n3. Status of your product\n4. Any other','2024-12-18 09:38:42.880479',3),(49,'user_message','1','Please provide the model name:','2024-12-18 09:38:48.201630',3),(50,'user_message','Apple AirPods Pro','Product: Apple AirPods Pro\nDetails: Noise-canceling wireless earbuds with spatial audio.\nPrice: $1999.00','2024-12-18 09:38:52.314251',3),(51,'user_message','start','Welcome! How can I help you today? Please choose one of the following options:\n1. Know product details\n2. Know price\n3. Status of your product\n4. Any other','2024-12-18 09:40:15.146263',3),(52,'user_message','1','Please provide the model name:','2024-12-18 09:40:19.227172',3),(53,'user_message','Apple AirPods Pro','provid valid','2024-12-18 09:40:29.642918',3),(54,'user_message','start','Welcome! How can I help you today? Please choose one of the following options:\n1. Know product details\n2. Know price\n3. Status of your product\n4. Any other','2024-12-18 09:56:38.288278',3),(55,'user_message','1','Please provide the model name:','2024-12-18 09:56:41.236823',3),(56,'user_message','samsung','provid valid','2024-12-18 09:56:47.659823',3),(57,'user_message','Apple AirPods Pro','provid valid','2024-12-18 09:56:52.073289',3),(58,'user_message','start','Welcome! How can I help you today? Please choose one of the following options:\n1. Know product details\n2. Know price\n3. Status of your product\n4. Any other','2024-12-18 09:58:14.608477',3),(59,'user_message','1','Please provide the model name:','2024-12-18 09:58:19.479607',3),(60,'user_message','Apple AirPods Pro','provid valid','2024-12-18 09:58:25.880017',3),(61,'user_message','start','Welcome! How can I help you today? Please choose one of the following options:\n1. Know product details\n2. Know price\n3. Status of your product\n4. Any other','2024-12-18 10:00:51.911669',3),(62,'user_message','1','Please provide the model name:','2024-12-18 10:00:56.852178',3),(63,'user_message','samsung','provid valid','2024-12-18 10:01:03.038734',3),(64,'user_message','start','Welcome! How can I help you today? Please choose one of the following options:\n1. Know product details\n2. Know price\n3. Status of your product\n4. Any other','2024-12-18 10:02:03.952175',3),(65,'user_message','1','Please provide the model name:','2024-12-18 10:02:08.759744',3),(66,'user_message','Apple AirPods Pro','provid valid','2024-12-18 10:02:13.165126',3),(67,'user_message','start','Welcome! How can I help you today? Please choose one of the following options:\n1. Know product details\n2. Know price\n3. Status of your product\n4. Any other','2024-12-18 10:03:05.851611',3),(68,'user_message','1','Please provide the model name:','2024-12-18 10:03:08.913337',3),(69,'user_message','Apple AirPods Pro','provid valid','2024-12-18 10:03:14.482792',3),(70,'user_message','start','Welcome! How can I help you today? Please choose one of the following options:\n1. Know product details\n2. Know price\n3. Status of your product\n4. Any other','2024-12-18 10:05:54.615008',3),(71,'user_message','1','Please provide the model name:','2024-12-18 10:05:57.579656',3),(72,'user_message','Apple AirPods Pro','Product: Apple AirPods Pro\nDetails: Noise-canceling wireless earbuds with spatial audio.\nPrice: $1999.00','2024-12-18 10:06:11.852727',3),(73,'user_message','samsung','provid valid','2024-12-18 10:06:17.606866',3),(74,'user_message','start','Welcome! How can I help you today? Please choose one of the following options:\n1. Know product details\n2. Know price\n3. Status of your product\n4. Any other','2024-12-18 10:23:59.022337',3),(75,'user_message','2','provid valid','2024-12-18 10:24:02.720664',3),(76,'user_message','start','Welcome! How can I help you today? Please choose one of the following options:\n1. Know product details\n2. Know price\n3. Status of your product\n4. Any other','2024-12-18 10:24:36.964158',3),(77,'user_message','2','Please provide the model name:','2024-12-18 10:24:41.650949',3),(78,'user_message','start','Welcome! How can I help you today? Please choose one of the following options:\n1. Know product details\n2. Know price\n3. Status of your product\n4. Any other','2024-12-18 10:25:05.292782',3),(79,'user_message','3','Please provide the Product ID:','2024-12-18 10:25:09.212673',3),(80,'user_message','4','Please write your query:','2024-12-18 10:25:14.460139',3),(81,'user_message','start','Welcome! How can I help you today? Please choose one of the following options:\n1. Know product details\n2. Know price\n3. Status of your product\n4. Any other','2024-12-18 10:43:30.101633',3),(82,'user_message','4','Please write your query:','2024-12-18 10:43:34.910761',3),(83,'user_message','lvjfjkvkfkdmbf vjkfnlbvfd','provide valid','2024-12-18 10:43:40.982772',3),(84,'user_message','start','Welcome! How can I help you today? Please choose one of the following options:\n1. Know product details\n2. Know price\n3. Status of your product\n4. Any other','2024-12-18 10:50:05.302154',3),(85,'user_message','1','Please provide the model name to know product details:','2024-12-18 10:50:08.664009',3),(86,'user_message','samsung','Invalid option. Please type \'start\' to begin again.','2024-12-18 10:50:15.154407',3),(87,'user_message','start','Welcome! How can I help you today? Please choose one of the following options:\n1. Know product details\n2. Know price\n3. Status of your product\n4. Any other','2024-12-18 10:50:31.900548',3),(88,'user_message','2','Please provide the model name to know the price:','2024-12-18 10:50:40.178167',3),(89,'user_message','apple airpods pro','Invalid option. Please type \'start\' to begin again.','2024-12-18 10:50:51.405895',3),(90,'user_message','start','Welcome! How can I help you today? Please choose one of the following options:\n1. Know product details\n2. Know price\n3. Status of your product\n4. Any other','2024-12-18 10:53:24.082111',3),(91,'user_message','1','Please provide the model name to know product details:','2024-12-18 10:53:26.863339',3),(92,'user_message','model: samsung','Model not found. Please check the model name and try again.','2024-12-18 10:53:54.907328',3),(93,'user_message','model: apple airpods pro','Product: Apple AirPods Pro\nDetails: Noise-canceling wireless earbuds with spatial audio.\nPrice: $1999.00','2024-12-18 10:54:22.301119',3),(94,'user_message','start','Welcome! How can I help you today? Please choose one of the following options:\n1. Know product details\n2. Know price\n3. Status of your product\n4. Any other','2024-12-18 10:59:08.019885',3),(95,'user_message','1','enter the query','2024-12-18 10:59:10.691439',3),(96,'user_message','start','Welcome! How can I help you today? Please choose one of the following options:\n1. Know product details\n2. Know price\n3. Status of your product\n4. Any other','2024-12-18 15:02:48.907379',3),(97,'user_message','start','Welcome! How can I help you today? Please choose one of the following options:\n1. Know product details\n2. Know price\n3. Status of your product\n4. Any other','2024-12-18 15:04:53.113120',3),(98,'user_message','start','Welcome! How can I help you today? Please choose one of the following options:\n1. Know product details\n2. Know price\n3. Status of your product\n4. Any other','2024-12-18 15:17:59.431742',3),(99,'user_message','start','Welcome! How can I help you today? Please choose one of the following options:\n1. Know product details\n2. Know price\n3. Status of your product\n4. Any other','2024-12-18 16:11:12.792122',3),(100,'user_message','1','enter the query','2024-12-18 16:11:24.232941',3),(101,'user_message','my product is completely ruin','Invalid option. Please type \'start\' to begin again.','2024-12-19 03:18:08.729884',3),(102,'user_message','start','Welcome! How can I help you today? Please choose one of the following options:\n1. Know product details\n2. Know price\n3. Status of your product\n4. Any other','2024-12-19 03:18:34.386275',3),(103,'user_message','1','enter the query','2024-12-19 03:18:38.164131',3),(104,'user_message','start','Welcome! How can I help you today? Please choose one of the following options:\n1. Know product details\n2. Know price\n3. Status of your product\n4. Any other','2024-12-19 03:19:11.001432',3),(105,'user_message','3','Please provide the Product ID to know the status:','2024-12-19 03:19:15.220948',3),(106,'user_message','1','enter the query','2024-12-19 03:19:20.698240',3),(107,'user_message','4','Please write your query:','2024-12-19 03:19:26.555226',3),(108,'user_message','start','Welcome! How can I help you today? Please choose one of the following options:\n1. Know product details\n2. Know price\n3. Status of your product\n4. Any other','2024-12-19 03:20:01.582663',3),(109,'user_message','1','Please provide the model name to know product details:','2024-12-19 03:20:05.011696',3),(110,'user_message','start','Welcome! How can I help you today? Please choose one of the following options:\n1. Know product details\n2. Know price\n3. Status of your product\n4. Any other','2024-12-19 03:22:43.889966',3),(111,'user_message','start','Welcome! How can I help you today? Please choose one of the following options:\n1. Know product details\n2. Know price\n3. Status of your product\n4. Any other','2024-12-19 03:25:08.535002',3),(112,'user_message','1','Please provide the model name to know product details:','2024-12-19 03:25:19.100143',3),(113,'user_message','samsung','Invalid option. Please type \'start\' to begin again.','2024-12-19 03:27:37.570930',3),(114,'user_message','start','Welcome! How can I help you today? Please choose one of the following options:\n1. Know product details\n2. Know price\n3. Status of your product\n4. Any other','2024-12-19 04:45:46.283332',3),(115,'user_message','start','Welcome! How can I help you today? Please choose one of the following options:\n1. Know product details\n2. Know price\n3. Status of your product\n4. Any other','2024-12-19 04:48:31.093527',3),(116,'user_message','start','Welcome! How can I help you today? Please choose one of the following options:\n1. Know product details\n2. Know price\n3. Status of your product\n4. Any other','2024-12-19 04:48:44.514700',3),(117,'user_message','start','Welcome! How can I help you today? Please choose one of the following options:\n1. Know product details\n2. Know price\n3. Status of your product\n4. Any other','2024-12-19 04:48:58.495144',3),(118,'user_message','start','Welcome! How can I help you today? Please choose one of the following options:\n1. Know product details\n2. Know price\n3. Status of your product\n4. Any other','2024-12-19 04:49:12.195081',3),(119,'user_message','start','Welcome! How can I help you today? Please choose one of the following options:\n1. Know product details\n2. Know price\n3. Status of your product\n4. Any other','2024-12-19 04:54:11.315326',3),(120,'user_message','start','Welcome! How can I help you today? Please choose one of the following options:\n1. Know product details\n2. Know price\n3. Status of your product\n4. Any other','2024-12-19 05:06:30.760384',3),(121,'user_message','start','Welcome! How can I help you today? Please choose one of the following options:\n1. Know product details\n2. Know price\n3. Status of your product\n4. Any other','2024-12-19 05:15:42.582043',3),(122,'user_message','start','Welcome! How can I help you today? Please choose one of the following options:\n1. Know product details\n2. Know price\n3. Status of your product\n4. Any other','2024-12-19 05:36:23.115394',3),(123,'user_message','start','Welcome! How can I help you today? Please choose one of the following options:\n1. Know product details\n2. Know price\n3. Status of your product\n4. Any other','2024-12-19 05:37:24.088426',3),(124,'user_message','1','Please provide the model name to know product details:','2024-12-19 05:37:42.639069',3),(125,'user_message','start','Welcome! How can I help you today? Please choose one of the following options:\n1. Know product details\n2. Know price\n3. Status of your product\n4. Any other','2024-12-19 07:11:26.330144',3),(126,'user_message','start','Welcome! How can I help you today? Please choose one of the following options:\n1. Know product details\n2. Know price\n3. Status of your product\n4. Any other','2024-12-19 07:13:33.880422',3),(127,'user_message','start','Welcome! How can I help you today? Please choose one of the following options:\n1. Know product details\n2. Know price\n3. Status of your product\n4. Any other','2024-12-19 07:14:17.655582',3),(128,'user_message','start','Welcome! How can I help you today? Please choose one of the following options:\n1. Know product details\n2. Know price\n3. Status of your product\n4. Any other','2024-12-19 07:15:19.932465',3),(129,'user_message','start','Welcome! How can I help you today? Please choose one of the following options:\n1. Know product details\n2. Know price\n3. Status of your product\n4. Any other','2024-12-19 07:18:36.633840',3),(130,'user_message','start','Welcome! How can I help you today? Please choose one of the following options:\n1. Know product details\n2. Know price\n3. Status of your product\n4. Any other','2024-12-19 07:19:40.652650',3),(131,'user_message','start','Welcome! How can I help you today? Please choose one of the following options:\n1. Know product details\n2. Know price\n3. Status of your product\n4. Any other','2024-12-19 07:20:11.631253',3),(132,'user_message','start','Welcome! How can I help you today? Please choose one of the following options:\n1. Know product details\n2. Know price\n3. Status of your product\n4. Any other','2024-12-19 07:20:56.135516',3),(133,'user_message','start','Welcome! How can I help you today? Please choose one of the following options:\n1. Know product details\n2. Know price\n3. Status of your product\n4. Any other','2024-12-19 07:21:31.436656',3),(134,'user_message','start','Welcome! How can I help you today? Please choose one of the following options:\n1. Know product details\n2. Know price\n3. Status of your product\n4. Any other','2024-12-19 07:25:11.306619',3),(135,'user_message','start','Welcome! How can I help you today? Please choose one of the following options:\n1. Know product details\n2. Know price\n3. Status of your product\n4. Any other','2024-12-19 07:29:21.018531',3),(136,'user_message','start','Welcome! How can I help you today? Please choose one of the following options:\n1. Know product details\n2. Know price\n3. Status of your product\n4. Any other','2024-12-19 07:29:53.483831',3),(137,'user_message','start','Welcome! How can I help you today? Please choose one of the following options:\n1. Know product details\n2. Know price\n3. Status of your product\n4. Any other','2024-12-19 07:30:22.020590',3),(138,'user_message','start','Welcome! How can I help you today? Please choose one of the following options:\n1. Know product details\n2. Know price\n3. Status of your product\n4. Any other','2024-12-19 07:30:42.086820',3),(139,'user_message','start','Welcome! How can I help you today? Please choose one of the following options:\n1. Know product details\n2. Know price\n3. Status of your product\n4. Any other','2024-12-19 07:31:07.299638',3),(140,'user_message','start','Welcome! How can I help you today? Please choose one of the following options:\n1. Know product details\n2. Know price\n3. Status of your product\n4. Any other','2024-12-19 07:31:20.648316',3),(141,'user_message','start','Welcome! How can I help you today? Please choose one of the following options:\n1. Know product details\n2. Know price\n3. Status of your product\n4. Any other','2024-12-19 07:31:39.805279',3),(142,'user_message','start','Welcome! How can I help you today? Please choose one of the following options:\n1. Know product details\n2. Know price\n3. Status of your product\n4. Any other','2024-12-19 07:33:24.213219',3),(143,'user_message','start','Welcome! How can I help you today? Please choose one of the following options:\n1. Know product details\n2. Know price\n3. Status of your product\n4. Any other','2024-12-19 07:33:55.441401',3),(144,'user_message','start','Welcome! How can I help you today? Please choose one of the following options:\n1. Know product details\n2. Know price\n3. Status of your product\n4. Any other','2024-12-19 07:40:56.273507',3),(145,'user_message','start','Welcome! How can I help you today? Please choose one of the following options:\n1. Know product details\n2. Know price\n3. Status of your product\n4. Any other','2024-12-19 07:48:34.397422',3),(146,'user_message','start','Welcome! How can I help you today? Please choose one of the following options:\n1. Know product details\n2. Know price\n3. Status of your product\n4. Any other','2024-12-19 07:56:06.418600',3),(147,'user_message','start','Welcome! How can I help you today? Please choose one of the following options:\n1. Know product details\n2. Know price\n3. Status of your product\n4. Any other','2024-12-19 07:56:25.948169',3),(148,'user_message','start','Welcome! How can I help you today? Please choose one of the following options:\n1. Know product details\n2. Know price\n3. Status of your product\n4. Any other','2024-12-19 07:57:17.772264',3),(149,'user_message','start','Welcome! How can I help you today? Please choose one of the following options:\n1. Know product details\n2. Know price\n3. Status of your product\n4. Any other','2024-12-19 07:58:02.543245',3),(150,'user_message','start','Welcome! How can I help you today? Please choose one of the following options:\n1. Know product details\n2. Know price\n3. Status of your product\n4. Any other','2024-12-19 07:59:43.404970',3),(151,'user_message','start','Welcome! How can I help you today? Please choose one of the following options:\n1. Know product details\n2. Know price\n3. Status of your product\n4. Any other','2024-12-19 08:00:18.440513',3),(152,'user_message','start','Welcome! How can I help you today? Please choose one of the following options:\n1. Know product details\n2. Know price\n3. Status of your product\n4. Any other','2024-12-19 08:02:05.312398',3),(153,'user_message','start','Welcome! How can I help you today? Please choose one of the following options:\n1. Know product details\n2. Know price\n3. Status of your product\n4. Any other','2024-12-19 08:02:26.317086',3),(154,'user_message','start','Welcome! How can I help you today? Please choose one of the following options:\n1. Know product details\n2. Know price\n3. Status of your product\n4. Any other','2024-12-19 08:05:14.656825',3),(155,'user_message','start','Welcome! How can I help you today? Please choose one of the following options:\n1. Know product details\n2. Know price\n3. Status of your product\n4. Any other','2024-12-19 08:05:58.258512',3),(156,'user_message','start','Welcome! How can I help you today? Please choose one of the following options:\n1. Know product details\n2. Know price\n3. Status of your product\n4. Any other','2024-12-19 08:08:11.309341',3),(157,'user_message','start','Welcome! How can I help you today? Please choose one of the following options:\n1. Know product details\n2. Know price\n3. Status of your product\n4. Any other','2024-12-19 08:12:08.517785',3),(158,'user_message','1','Please provide the model name to know product details:','2024-12-19 08:12:20.103896',3),(159,'user_message','model: samsung','Model not found. Please check the model name and try again.','2024-12-19 08:12:31.704829',3),(160,'user_message','start','Welcome! How can I help you today? Please choose one of the following options:\n1. Know product details\n2. Know price\n3. Status of your product\n4. Any other','2024-12-19 08:19:30.330719',3),(161,'user_message','start','Welcome! How can I help you today? Please choose one of the following options:\n1. Know product details\n2. Know price\n3. Status of your product\n4. Any other','2024-12-19 08:21:13.395152',3),(162,'user_message','start','Welcome! How can I help you today? Please choose one of the following options:\n1. Know product details\n2. Know price\n3. Status of your product\n4. Any other','2024-12-19 08:22:03.702310',3),(163,'user_message','start','Welcome! How can I help you today? Please choose one of the following options:\n1. Know product details\n2. Know price\n3. Status of your product\n4. Any other','2024-12-19 08:22:31.900173',3),(164,'user_message','start','Welcome! How can I help you today? Please choose one of the following options:\n1. Know product details\n2. Know price\n3. Status of your product\n4. Any other','2024-12-19 08:22:57.657465',3),(165,'user_message','start','Welcome! How can I help you today? Please choose one of the following options:\n1. Know product details\n2. Know price\n3. Status of your product\n4. Any other','2024-12-19 08:23:53.937417',3),(166,'user_message','start','Welcome! How can I help you today? Please choose one of the following options:\n1. Know product details\n2. Know price\n3. Status of your product\n4. Any other','2024-12-19 08:24:42.443842',3),(167,'user_message','start','Welcome! How can I help you today? Please choose one of the following options:\n1. Know product details\n2. Know price\n3. Status of your product\n4. Any other','2024-12-19 08:26:15.069388',3),(168,'user_message','start','Welcome! How can I help you today? Please choose one of the following options:\n1. Know product details\n2. Know price\n3. Status of your product\n4. Any other','2024-12-19 08:27:25.383590',3),(169,'user_message','start','Welcome! How can I help you today? Please choose one of the following options:\n1. Know product details\n2. Know price\n3. Status of your product\n4. Any other','2024-12-19 08:28:10.363858',3),(170,'user_message','start','Welcome! How can I help you today? Please choose one of the following options:\n1. Know product details\n2. Know price\n3. Status of your product\n4. Any other','2024-12-19 08:32:06.973812',3),(171,'user_message','start','Welcome! How can I help you today? Please choose one of the following options:\n1. Know product details\n2. Know price\n3. Status of your product\n4. Any other','2024-12-19 08:32:57.421944',3),(172,'user_message','start','Welcome! How can I help you today? Please choose one of the following options:\n1. Know product details\n2. Know price\n3. Status of your product\n4. Any other','2024-12-19 08:33:57.711138',3),(173,'user_message','start','Welcome! How can I help you today? Please choose one of the following options:\n1. Know product details\n2. Know price\n3. Status of your product\n4. Any other','2024-12-19 08:34:27.560772',3),(174,'user_message','start','Welcome! How can I help you today? Please choose one of the following options:\n1. Know product details\n2. Know price\n3. Status of your product\n4. Any other','2024-12-19 08:38:02.456806',3),(175,'user_message','start','Welcome! How can I help you today? Please choose one of the following options:\n1. Know product details\n2. Know price\n3. Status of your product\n4. Any other','2024-12-19 08:38:31.448423',3),(176,'user_message','start','Welcome! How can I help you today? Please choose one of the following options:\n1. Know product details\n2. Know price\n3. Status of your product\n4. Any other','2024-12-19 08:39:04.087104',3),(177,'user_message','start','Welcome! How can I help you today? Please choose one of the following options:\n1. Know product details\n2. Know price\n3. Status of your product\n4. Any other','2024-12-19 08:39:39.022941',3),(178,'user_message','chbtybvnhfvhybtgyvnhnv','Invalid option. Please type \'start\' to begin again.','2024-12-19 08:40:09.633541',3),(179,'user_message','start','Welcome! How can I help you today? Please choose one of the following options:\n1. Know product details\n2. Know price\n3. Status of your product\n4. Any other','2024-12-19 08:41:41.901139',3),(180,'user_message','start','Welcome! How can I help you today? Please choose one of the following options:\n1. Know product details\n2. Know price\n3. Status of your product\n4. Any other','2024-12-19 08:41:59.993486',3),(181,'user_message','start','Welcome! How can I help you today? Please choose one of the following options:\n1. Know product details\n2. Know price\n3. Status of your product\n4. Any other','2024-12-19 08:42:31.836984',3),(182,'user_message','start','Welcome! How can I help you today? Please choose one of the following options:\n1. Know product details\n2. Know price\n3. Status of your product\n4. Any other','2024-12-19 08:42:44.469046',3),(183,'user_message','start','Welcome! How can I help you today? Please choose one of the following options:\n1. Know product details\n2. Know price\n3. Status of your product\n4. Any other','2024-12-19 08:43:33.262636',3),(184,'user_message','start','Welcome! How can I help you today? Please choose one of the following options:\n1. Know product details\n2. Know price\n3. Status of your product\n4. Any other','2024-12-19 08:44:31.364266',3),(185,'user_message','start','Welcome! How can I help you today? Please choose one of the following options:\n1. Know product details\n2. Know price\n3. Status of your product\n4. Any other','2024-12-19 08:45:07.420798',3),(186,'user_message','start','Welcome! How can I help you today? Please choose one of the following options:\n1. Know product details\n2. Know price\n3. Status of your product\n4. Any other','2024-12-19 08:45:26.962538',3),(187,'user_message','start','Welcome! How can I help you today? Please choose one of the following options:\n1. Know product details\n2. Know price\n3. Status of your product\n4. Any other','2024-12-19 08:45:48.076281',3),(188,'user_message','start','Welcome! How can I help you today? Please choose one of the following options:\n1. Know product details\n2. Know price\n3. Status of your product\n4. Any other','2024-12-19 08:46:07.463362',3),(189,'user_message','start','Welcome! How can I help you today? Please choose one of the following options:\n1. Know product details\n2. Know price\n3. Status of your product\n4. Any other','2024-12-19 08:46:31.040366',3),(190,'user_message','start','Welcome! How can I help you today? Please choose one of the following options:\n1. Know product details\n2. Know price\n3. Status of your product\n4. Any other','2024-12-19 09:02:07.783286',3),(191,'user_message','1','Please provide the model name to know product details:','2024-12-19 09:02:19.561004',3),(192,'user_message','model: samsung','Model not found. Please check the model name and try again.','2024-12-19 09:02:42.569529',3),(193,'user_message','start','Welcome! How can I help you today? Please choose one of the following options:\n1. Know product details\n2. Know price\n3. Status of your product\n4. Any other','2024-12-19 09:15:15.707285',3),(194,'user_message','1','Please provide the model name to know product details:','2024-12-19 09:15:20.781835',3),(195,'user_message','start','What can I do for you.... Simply type \'1\',\'2\',\'3\',\'4\' \n1. Know product details\n2. Know product price\n3. Status of your product\n4. Any other','2024-12-19 09:15:37.865292',3),(196,'user_message','1','Please provide the model name to know product details:\n Type in this manner \'Model:Model-Name\'','2024-12-19 09:15:44.578709',3),(197,'user_message','start','What can I do for you.... Simply type \'1\',\'2\',\'3\',\'4\' \n 1. Know product details\n 2. Know product price\n  3. Status of your product\n4. Any other','2024-12-19 09:21:35.200642',3),(198,'user_message','start','What can I do for you.... Simply type \'1\',\'2\',\'3\',\'4\' \n 1. Know product details\n 2. Know product price\n  3. Status of your product\n4. Any other','2024-12-19 09:21:55.929533',3),(199,'user_message','start','What can I do for you.... Simply type \'1\',\'2\',\'3\',\'4\' \r\n 1. Know product details\n 2. Know product price\n  3. Status of your product\n4. Any other','2024-12-19 09:27:42.275521',3),(200,'user_message','start','What can I do for you.... Simply type \'1\',\'2\',\'3\',\'4\' \r\n 1. Know product details\n 2. Know product price\n  3. Status of your product\n4. Any other','2024-12-19 09:31:01.789548',3),(201,'user_message','start','What can I do for you.... Simply type \'1\',\'2\',\'3\',\'4\' \r\n 1. Know product details\n 2. Know product price\n  3. Status of your product\n4. Any other','2024-12-19 09:31:37.365997',3),(202,'user_message','start','What can I do for you.... Simply type \'1\',\'2\',\'3\',\'4\'\r\n 1. Know product details <br> 2. Know product price\n  3. Status of your product\n4. Any other','2024-12-19 09:36:15.928926',3),(203,'user_message','start','What can I do for you....<br> Simply type \'1\',\'2\',\'3\',\'4\'<br>1. Know product details <br> 2. Know product price<br> 3. Status of your product<br>4. Any other','2024-12-19 09:36:52.023660',3),(204,'user_message','start','What can I do for you....<br> Simply type \'1\',\'2\',\'3\',\'4\'<br><br>1. Know product details <br> 2. Know product price<br> 3. Status of your product<br>4. Any other','2024-12-19 09:37:18.032526',3),(205,'user_message','start','What can I do for you....<br> Simply type \'1\',\'2\',\'3\',\'4\'<br><br>1. Know product details <br> 2. Know product price<br> 3. Status of your product<br>4. Any other','2024-12-19 10:23:42.479690',3),(206,'user_message','1','Please provide the model name to know product details:\n Type in this manner \'Model:Model-Name\'','2024-12-19 10:24:18.182847',3),(207,'user_message','start','What can I do for you....<br> Simply type \'1\',\'2\',\'3\',\'4\'<br><br>1. Know product details <br> 2. Know product price<br> 3. Status of your product<br>4. Any other','2024-12-19 10:35:27.927712',3),(208,'user_message','1','Please provide the model name to know product details:\n Type in this manner \'Model:Model-Name\'','2024-12-19 10:36:17.186523',3),(209,'user_message','start','What can I do for you....<br> Simply type \'1\',\'2\',\'3\',\'4\'<br><br>1. Know product details <br> 2. Know product price<br> 3. Status of your product<br>4. Any other','2024-12-19 10:36:57.891052',3),(210,'user_message','start','What can I do for you....<br> Simply type \'1\',\'2\',\'3\',\'4\'<br><br>1. Know product details <br> 2. Know product price<br> 3. Status of your product<br>4. Any other','2024-12-19 10:48:42.308474',3),(211,'user_message','start','What can I do for you....<br> Simply type \'1\',\'2\',\'3\',\'4\'<br><br>1. Know product details <br> 2. Know product price<br> 3. Status of your product<br>4. Any other','2024-12-19 11:49:38.248225',3),(212,'user_message','start','What can I do for you....<br> Simply type \'1\',\'2\',\'3\',\'4\'<br><br>1. Know product details <br> 2. Know product price<br> 3. Status of your product<br>4. Any other','2024-12-19 15:08:25.014224',3),(213,'user_message','start','What can I do for you....<br> Simply type \'1\',\'2\',\'3\',\'4\'<br><br>1. Know product details <br> 2. Know product price<br> 3. Status of your product<br>4. Any other','2024-12-19 16:21:39.915542',3),(214,'user_message','start','What can I do for you....<br> Simply type \'1\',\'2\',\'3\',\'4\'<br><br>1. Know product details <br> 2. Know product price<br> 3. Status of your product<br>4. Any other','2024-12-19 16:24:27.256469',3),(215,'user_message','start','What can I do for you....<br> Simply type \'1\',\'2\',\'3\',\'4\'<br><br>1. Know product details <br> 2. Know product price<br> 3. Status of your product<br>4. Any other','2024-12-19 16:26:14.555964',3),(216,'user_message','start','What can I do for you....<br> Simply type \'1\',\'2\',\'3\',\'4\'<br><br>1. Know product details <br> 2. Know product price<br> 3. Status of your product<br>4. Any other','2024-12-19 16:28:56.743218',3),(217,'user_message','start','What can I do for you....<br> Simply type \'1\',\'2\',\'3\',\'4\'<br><br>1. Know product details <br> 2. Know product price<br> 3. Status of your product<br>4. Any other','2024-12-19 16:29:57.869865',3),(218,'user_message','start','What can I do for you....<br> Simply type \'1\',\'2\',\'3\',\'4\'<br><br>1. Know product details <br> 2. Know product price<br> 3. Status of your product<br>4. Any other','2024-12-19 16:32:22.179182',3),(219,'user_message','start','What can I do for you....<br> Simply type \'1\',\'2\',\'3\',\'4\'<br><br>1. Know product details <br> 2. Know product price<br> 3. Status of your product<br>4. Any other','2024-12-19 16:36:31.704703',3),(220,'user_message','start','What can I do for you....<br> Simply type \'1\',\'2\',\'3\',\'4\'<br><br>1. Know product details <br> 2. Know product price<br> 3. Status of your product<br>4. Any other','2024-12-19 16:41:19.555970',3),(221,'user_message','start','What can I do for you....<br> Simply type \'1\',\'2\',\'3\',\'4\'<br><br>1. Know product details <br> 2. Know product price<br> 3. Status of your product<br>4. Any other','2024-12-19 16:42:09.447026',3),(222,'user_message','start','What can I do for you....<br> Simply type \'1\',\'2\',\'3\',\'4\'<br><br>1. Know product details <br> 2. Know product price<br> 3. Status of your product<br>4. Any other','2024-12-19 16:44:50.514166',3),(223,'user_message','start','What can I do for you....<br> Simply type \'1\',\'2\',\'3\',\'4\'<br><br>1. Know product details <br> 2. Know product price<br> 3. Status of your product<br>4. Any other','2024-12-19 16:46:16.077478',3),(224,'user_message','start','What can I do for you....<br> Simply type \'1\',\'2\',\'3\',\'4\'<br><br>1. Know product details <br> 2. Know product price<br> 3. Status of your product<br>4. Any other','2024-12-19 16:46:49.209580',3),(225,'user_message','start','What can I do for you....<br> Simply type \'1\',\'2\',\'3\',\'4\'<br><br>1. Know product details <br> 2. Know product price<br> 3. Status of your product<br>4. Any other','2024-12-19 16:47:25.437220',3),(226,'user_message','1','Please provide the model name to know product details:\n Type in this manner \'Model:Model-Name\'','2024-12-19 16:47:53.589656',3),(227,'user_message','model: samsung','Model not found. Please check the model name and try again.','2024-12-19 16:48:24.754717',3),(228,'user_message','model:  apple airpods pro','Product: Apple AirPods Pro\nDetails: Noise-canceling wireless earbuds with spatial audio.\nPrice: $1999.00','2024-12-19 16:50:05.201151',3),(229,'user_message','start','What can I do for you....<br> Simply type \'1\',\'2\',\'3\',\'4\'<br><br>1. Know product details <br> 2. Know product price<br> 3. Status of your product<br>4. Any other','2024-12-19 17:03:54.600893',3),(230,'user_message','start','What can I do for you....<br> Simply type \'1\',\'2\',\'3\',\'4\'<br><br>1. Know product details <br> 2. Know product price<br> 3. Status of your product<br>4. Any other','2024-12-19 17:04:18.134093',3),(231,'user_message','start','What can I do for you....<br> Simply type \'1\',\'2\',\'3\',\'4\'<br><br>1. Know product details <br> 2. Know product price<br> 3. Status of your product<br>4. Any other','2024-12-19 17:06:02.866694',3),(232,'user_message','1','Please provide the model name to know product details:\n Type in this manner \'Model:Model-Name\'','2024-12-19 17:06:11.621510',3),(233,'user_message','start','What can I do for you....<br> Simply type \'1\',\'2\',\'3\',\'4\'<br><br>1. Know product details <br> 2. Know product price<br> 3. Status of your product<br>4. Any other','2024-12-19 17:08:25.939809',3),(234,'user_message','1','Please provide the model name to know product details:\n Type in this manner \'Model:Model-Name\'','2024-12-19 17:08:34.937434',3),(235,'user_message','start','What can I do for you....<br> Simply type \'1\',\'2\',\'3\',\'4\'<br><br>1. Know product details <br> 2. Know product price<br> 3. Status of your product<br>4. Any other','2024-12-19 17:09:40.339645',3),(236,'user_message','1','Please provide the model name to know product details:\n Type in this manner \'Model:Model-Name\'','2024-12-19 17:09:52.091470',3),(237,'user_message','gghuh','Invalid option. Please type \'start\' to begin again.','2024-12-19 17:10:27.502057',3),(238,'user_message','start','What can I do for you....<br> Simply type \'1\',\'2\',\'3\',\'4\'<br><br>1. Know product details <br> 2. Know product price<br> 3. Status of your product<br>4. Any other','2024-12-19 17:12:33.398930',3),(239,'user_message','1','Please provide the model name to know product details:\n Type in this manner \'Model:Model-Name\'','2024-12-19 17:12:39.538701',3),(240,'user_message','start','What can I do for you....<br> Simply type \'1\',\'2\',\'3\',\'4\'<br><br>1. Know product details <br> 2. Know product price<br> 3. Status of your product<br>4. Any other','2024-12-19 17:14:38.397997',3),(241,'user_message','1','Please provide the model name to know product details:\n Type in this manner \'Model:Model-Name\'','2024-12-19 17:14:46.347252',3),(242,'user_message','start','What can I do for you....<br> Simply type \'1\',\'2\',\'3\',\'4\'<br><br>1. Know product details <br> 2. Know product price<br> 3. Status of your product<br>4. Any other','2024-12-19 17:25:23.438263',3),(243,'user_message','1','Please provide the model name to know product details:\n Type in this manner \'Model:Model-Name\'','2024-12-19 17:25:36.613051',3),(244,'user_message','start','What can I do for you....<br> Simply type \'1\',\'2\',\'3\',\'4\'<br><br>1. Know product details <br> 2. Know product price<br> 3. Status of your product<br>4. Any other','2024-12-19 17:28:29.053606',3),(245,'user_message','start','What can I do for you....<br> Simply type \'1\',\'2\',\'3\',\'4\'<br><br>1. Know product details <br> 2. Know product price<br> 3. Status of your product<br>4. Any other','2024-12-19 17:29:06.036535',3),(246,'user_message','start','What can I do for you....<br> Simply type \'1\',\'2\',\'3\',\'4\'<br><br>1. Know product details <br> 2. Know product price<br> 3. Status of your product<br>4. Any other','2024-12-20 09:05:11.445571',3),(247,'user_message','start','What can I do for you....<br> Simply type \'1\',\'2\',\'3\',\'4\'<br><br>1. Know product details <br> 2. Know product price<br> 3. Status of your product<br>4. Any other','2024-12-20 09:47:58.994370',5),(248,'user_message','1','Please provide the model name to know product details:<br><span color=red> USE \'model:\' before model name</span>','2024-12-20 09:48:31.121435',5),(249,'user_message','bebdgbe','Invalid option. Please type \'start\' to begin again.','2024-12-20 13:51:03.248776',5),(250,'user_message','start','What can I do for you....<br> Simply type \'1\',\'2\',\'3\',\'4\'<br><br>1. Know product details <br> 2. Know product price<br> 3. Status of your product<br>4. Any other','2024-12-20 13:51:59.986046',5),(251,'user_message','1','Please provide the model name to know product details:<br><span color=red> USE \'model:\' before model name</span>','2024-12-20 13:52:12.933311',5),(252,'user_message','start','What can I do for you....<br> Simply type \'1\',\'2\',\'3\',\'4\'<br><br>1. Know product details <br> 2. Know product price<br> 3. Status of your product<br>4. Any other','2024-12-20 14:16:13.739439',5),(253,'user_message','1','Please provide the model name to know product details:<br><span color=red> USE \'model:\' before model name</span>','2024-12-20 14:16:22.611727',5),(254,'user_message','start','What can I do for you....<br> Simply type \'1\',\'2\',\'3\',\'4\'<br><br>1. Know product details <br> 2. Know product price<br> 3. Status of your product<br>4. Any other','2024-12-20 15:28:46.485031',5),(255,'user_message','start','What can I do for you....<br> Simply type \'1\',\'2\',\'3\',\'4\'<br><br>1. Know product details <br> 2. Know product price<br> 3. Status of your product<br>4. Any other','2024-12-20 15:33:42.142439',5),(256,'user_message','hello','Invalid option. Please type \'start\' to begin again.','2024-12-20 15:37:55.368299',5),(257,'user_message','start','What can I do for you....<br> Simply type \'1\',\'2\',\'3\',\'4\'<br><br>1. Know product details <br> 2. Know product price<br> 3. Status of your product<br>4. Any other','2024-12-20 15:40:13.330237',5),(258,'user_message','start','What can I do for you....<br> Simply type \'1\',\'2\',\'3\',\'4\'<br><br>1. Know product details <br> 2. Know product price<br> 3. Status of your product<br>4. Any other','2024-12-20 15:42:43.764041',5),(259,'user_message','start','What can I do for you....<br> Simply type \'1\',\'2\',\'3\',\'4\'<br><br>1. Know product details <br> 2. Know product price<br> 3. Status of your product<br>4. Any other','2024-12-20 15:45:43.679253',5),(260,'user_message','start','What can I do for you....<br> Simply type \'1\',\'2\',\'3\',\'4\'<br><br>1. Know product details <br> 2. Know product price<br> 3. Status of your product<br>4. Any other','2024-12-20 15:47:50.206603',5),(261,'user_message','start','What can I do for you....<br> Simply type \'1\',\'2\',\'3\',\'4\'<br><br>1. Know product details <br> 2. Know product price<br> 3. Status of your product<br>4. Any other','2024-12-21 09:14:01.159533',5),(262,'user_message','1','Please provide the model name to know product details:<br><span color=red> USE \'model:\' before model name</span>','2024-12-21 09:14:06.189672',5),(263,'user_message','model: samsung galaxy z flip4','Product: Samsung Galaxy Z Flip4\nDetails: 6.7-inch foldable AMOLED, Snapdragon 8+ Gen 1, 12MP dual camera, compact design.\nPrice: $89999.00','2024-12-21 09:14:32.174151',5),(264,'user_message','start','What can I do for you....<br> Simply type \'1\',\'2\',\'3\',\'4\'<br><br>1. Know product details <br> 2. Know product price<br> 3. Status of your product<br>4. Any other','2024-12-21 09:17:44.885295',5),(265,'user_message','3','Please provide the Product ID to know the status:\n Type in this manner \'Status:Model-Name\'','2024-12-21 09:17:51.251032',5),(266,'user_message','status:12344','The Status of your product is .','2024-12-21 09:18:08.692994',5),(267,'user_message','start','What can I do for you....<br> Simply type \'1\',\'2\',\'3\',\'4\'<br><br>1. Know product details <br> 2. Know product price<br> 3. Status of your product<br>4. Any other','2024-12-21 09:22:52.985005',5),(268,'user_message','4','Please write your query:<br> USE \'Query:\' before enter your query','2024-12-21 09:22:58.899700',5),(269,'user_message','query: ftrmjfjjnjutun','Your response is stored. Our executive team will get in touch with you within a few minutes.','2024-12-21 09:23:15.797065',5);
/*!40000 ALTER TABLE `chatbot_chat` ENABLE KEYS */;
UNLOCK TABLES;

--
-- Table structure for table `chatbot_product`
--

DROP TABLE IF EXISTS `chatbot_product`;
/*!40101 SET @saved_cs_client     = @@character_set_client */;
/*!50503 SET character_set_client = utf8mb4 */;
CREATE TABLE `chatbot_product` (
  `id` bigint NOT NULL AUTO_INCREMENT,
  `model_name` varchar(100) NOT NULL,
  `details` longtext NOT NULL,
  `price` decimal(10,2) NOT NULL,
  PRIMARY KEY (`id`)
) ENGINE=InnoDB AUTO_INCREMENT=163 DEFAULT CHARSET=utf8mb4 COLLATE=utf8mb4_0900_ai_ci;
/*!40101 SET character_set_client = @saved_cs_client */;

--
-- Dumping data for table `chatbot_product`
--

LOCK TABLES `chatbot_product` WRITE;
/*!40000 ALTER TABLE `chatbot_product` DISABLE KEYS */;
INSERT INTO `chatbot_product` VALUES (1,'Apple AirPods Pro','Noise-canceling wireless earbuds with spatial audio.',1999.00),(3,'Samsung Galaxy S24 Ultra','Flagship model with 200MP camera, Snapdragon 8 Gen 3, 6.8-inch OLED display, and 5000mAh battery.',124999.00),(4,'Samsung Galaxy S23 Ultra','Powerful 200MP camera, Snapdragon 8 Gen 2, 120Hz 6.8-inch AMOLED, 5000mAh battery.',114999.00),(5,'Samsung Galaxy Note 20 Ultra','6.9-inch Dynamic AMOLED, 108MP camera, 120Hz refresh rate, S-Pen.',91999.00),(6,'Samsung Galaxy Z Flip4','6.7-inch foldable AMOLED, Snapdragon 8+ Gen 1, 12MP dual camera, compact design.',89999.00),(7,'Samsung Galaxy Z Fold4','7.6-inch foldable AMOLED, Snapdragon 8+ Gen 1, triple camera setup, multitasking.',154999.00),(8,'Samsung Galaxy A54','6.4-inch AMOLED, Exynos 1380, 50MP triple camera, 5000mAh battery.',29999.00),(9,'Samsung Galaxy A34','6.6-inch FHD+ AMOLED, MediaTek Dimensity 1080, 48MP camera, 5000mAh battery.',23999.00),(10,'Samsung Galaxy M54','6.7-inch Super AMOLED, Exynos 1380, 108MP camera, 6000mAh battery.',27499.00),(11,'Samsung Galaxy F14','6.6-inch FHD+ screen, Exynos 1330, 50MP dual camera, 6000mAh battery.',12990.00),(12,'Samsung Galaxy XCover6 Pro','Rugged 6.6-inch display, Snapdragon 778G, 50MP camera, IP68 rating.',39990.00),(13,'Samsung Galaxy S22 Ultra','6.8-inch Dynamic AMOLED, 108MP camera, Snapdragon 8 Gen 1, 5000mAh battery.',109999.00),(14,'Samsung Galaxy S21 Ultra','6.8-inch AMOLED, 108MP camera, Snapdragon 888, 5000mAh battery.',105999.00),(15,'Samsung Galaxy Note 10+','6.8-inch Dynamic AMOLED, 12GB RAM, Snapdragon 855, S-Pen support.',69999.00),(16,'Samsung Galaxy A73','6.7-inch Super AMOLED, Snapdragon 778G, 108MP camera, 5000mAh battery.',41999.00),(17,'Samsung Galaxy A53','6.5-inch Super AMOLED, Exynos 1280, 64MP camera, 5000mAh battery.',34499.00),(18,'Samsung Galaxy M33','6.6-inch FHD+ display, Exynos 1280, 50MP camera, 6000mAh battery.',16499.00),(19,'Samsung Galaxy F23','6.6-inch FHD+ LCD, Snapdragon 750G, 50MP camera, 5000mAh battery.',14999.00),(20,'Samsung Galaxy XCover 5','5.3-inch PLS display, Exynos 850, 16MP camera, rugged design.',17499.00),(21,'Samsung Galaxy A23','6.6-inch FHD+ display, Snapdragon 680, 50MP camera, 5000mAh battery.',16999.00),(22,'Samsung Galaxy A13','6.6-inch FHD+ display, Exynos 850, 50MP camera, 5000mAh battery.',13999.00),(23,'Samsung Galaxy S20 Ultra','6.9-inch Dynamic AMOLED, 108MP camera, Snapdragon 865, 5000mAh battery.',82999.00),(24,'Samsung Galaxy Note 9','6.4-inch Super AMOLED, 12MP camera, Snapdragon 845, S-Pen.',52999.00),(25,'Samsung Galaxy A72','6.7-inch Super AMOLED, Snapdragon 720G, 64MP camera, 5000mAh battery.',34999.00),(26,'Samsung Galaxy A52','6.5-inch Super AMOLED, Snapdragon 720G, 64MP camera, 4500mAh battery.',23999.00),(27,'Samsung Galaxy M32','6.4-inch AMOLED, MediaTek Helio G80, 64MP camera, 6000mAh battery.',14999.00),(28,'Samsung Galaxy F22','6.4-inch Super AMOLED, MediaTek Helio G80, 48MP camera, 6000mAh battery.',12499.00),(29,'Samsung Galaxy XCover 4s','5.0-inch PLS display, Exynos 7885, 16MP camera, rugged build.',14999.00),(30,'Samsung Galaxy A22','6.4-inch Super AMOLED, MediaTek Helio G80, 48MP camera, 5000mAh battery.',15499.00),(31,'Samsung Galaxy A12','6.5-inch PLS display, MediaTek Helio P35, 48MP camera, 5000mAh battery.',12999.00),(32,'Samsung Galaxy M12','6.5-inch PLS display, Exynos 850, 48MP camera, 6000mAh battery.',11499.00),(33,'Samsung Galaxy F12','6.5-inch PLS display, Exynos 850, 48MP camera, 6000mAh battery.',11999.00),(34,'Samsung Galaxy A03s','6.5-inch PLS display, MediaTek Helio P35, 13MP camera, 5000mAh battery.',9499.00),(35,'Samsung Galaxy A02s','6.5-inch PLS display, Qualcomm Snapdragon 450, 13MP camera, 5000mAh battery.',8499.00),(36,'Samsung Galaxy M02s','6.5-inch PLS display, Qualcomm Snapdragon 450, 13MP camera, 5000mAh battery.',7499.00),(37,'Samsung Galaxy F02s','6.5-inch PLS display, Qualcomm Snapdragon 450, 13MP camera, 5000mAh battery.',7499.00),(38,'Samsung Galaxy XCover 4','5.0-inch PLS display, Exynos 7570, 13MP camera, rugged design.',11999.00),(39,'Samsung Galaxy A82','6.7-inch Super AMOLED, Snapdragon 860, 64MP camera, 4500mAh battery.',35999.00),(40,'Samsung Galaxy Quantum 2','6.7-inch Super AMOLED, Snapdragon 855+, 64MP camera, 4500mAh battery.',32990.00),(41,'Samsung Galaxy A52s','6.5-inch Super AMOLED, Snapdragon 778G, 64MP camera, 4500mAh battery.',28999.00),(42,'Samsung Galaxy A03','6.5-inch PLS display, Unisoc T606, 48MP camera, 5000mAh battery.',8499.00),(43,'Samsung Galaxy Buds2 Pro','These premium earbuds offer 24-bit Hi-Fi sound, active noise cancellation (ANC), and a comfortable fit. They feature a long-lasting battery and enhanced water resistance for active lifestyles.',15999.00),(44,'Samsung Galaxy Buds2','Compact and lightweight, the Galaxy Buds2 deliver rich sound with ANC and transparency mode. They are designed for comfort and feature good battery life, making them ideal for daily use.',11999.00),(45,'Samsung Galaxy Buds+','Known for their excellent sound quality, long battery life, and comfortable design, these earbuds are equipped with two-way speakers for clear vocals and deep bass, perfect for music lovers.',8990.00),(46,'Samsung Galaxy Buds','These are the original Galaxy Buds with a balanced sound profile and decent battery life. They offer a secure fit and touch controls, making them a good choice for everyday listening.',7990.00),(47,'Samsung Galaxy Buds Live','With a unique bean-shaped design, the Galaxy Buds Live offer high-quality sound, active noise cancellation, and a comfortable fit. They are ideal for users who prefer a more open-ear design.',9990.00),(48,'Samsung Galaxy Buds Pro 2','These high-end earbuds feature advanced noise cancellation, premium sound quality, and a long-lasting battery. They offer a snug fit with better durability and performance compared to the previous models.',18990.00),(49,'Samsung Level U Pro','The Level U Pro offers high-quality sound with a neckband design. The earbuds provide a secure fit, enhanced bass, and long battery life, ideal for active users and those who prefer a neckband-style earphone.',3999.00),(50,'Samsung Level U','These Bluetooth neckband-style earbuds provide decent sound quality with a comfortable fit and long battery life. They are ideal for users who prefer a more traditional and secure earbud design.',2999.00),(51,'Samsung Gear IconX','The Gear IconX offers wireless earphones with a sleek, minimalist design. They include built-in storage for music, allowing you to listen without needing a smartphone, and feature fitness tracking.',9990.00),(52,'Samsung Gear IconX 2018','An upgraded version of the original, these earbuds offer better sound, improved fitness tracking, and more intuitive controls. The IconX 2018 is ideal for fitness enthusiasts.',7990.00),(53,'Samsung Galaxy Buds Beyond','These earbuds are designed for premium audio with enhanced sound quality and advanced noise cancellation. They are perfect for users who value sound clarity and long-lasting comfort.',14990.00),(54,'Samsung Galaxy Buds2 Pro+','An enhanced version of the Galaxy Buds2 Pro, these earbuds provide superior sound quality, noise cancellation, and a high-quality microphone. They are perfect for audiophiles and active users alike.',17990.00),(55,'Samsung Galaxy Buds2 Lite','The Galaxy Buds2 Lite offer a more affordable option while still providing great sound, comfort, and ANC. They are lightweight and ideal for users who want quality without breaking the bank.',8990.00),(56,'Samsung Galaxy Buds+ Pro','The Galaxy Buds+ Pro offers high-quality sound with premium drivers, excellent bass response, and noise cancellation. They are designed for people who want a more immersive listening experience.',13990.00),(57,'Samsung Galaxy Buds Pro+','These earbuds provide next-level sound with improved ANC, premium design, and long-lasting battery life. They are perfect for users who want the best of Samsungs audio technology.',15990.00),(58,'Samsung Level In','A wired in-ear earphone offering decent sound and a comfortable fit with soft ear tips. The Level In is designed for users who prefer wired connections and a simple audio solution.',3499.00),(59,'Samsung Level On','The Level On over-ear headphones provide deep, rich sound and a comfortable fit for long listening sessions. They feature noise isolation and easy controls, making them suitable for everyday use.',5999.00),(60,'Samsung Gear Circle','A unique Bluetooth neckband-style earphone, the Gear Circle offers hands-free calls and good sound quality. It is designed for people who prefer a discreet, comfortable, and stylish listening experience.',4990.00),(61,'Samsung Galaxy Buds S','The Galaxy Buds S are engineered for a secure fit and premium audio performance. They feature ANC, touch controls, and offer clear sound quality with deep bass and crisp treble.',10999.00),(62,'Samsung Galaxy Buds SE','These affordable earbuds provide solid sound performance with a lightweight design, good battery life, and a comfortable fit. Ideal for budget-conscious users seeking reliable audio quality.',7499.00),(103,'Samsung Galaxy Tab S9 Ultra','The Galaxy Tab S9 Ultra features a 14.6-inch AMOLED display, Snapdragon 8 Gen 2 chipset, and S Pen support. With top-tier performance and a large battery, it is perfect for multitasking and creative work.',114999.00),(104,'Samsung Galaxy Tab S9','The Galaxy Tab S9 offers a 11-inch Dynamic AMOLED display, Snapdragon 8 Gen 2, and improved camera features. Its perfect for productivity and entertainment with great portability.',74999.00),(105,'Samsung Galaxy Tab S9+','The Galaxy Tab S9+ combines a 12.4-inch Dynamic AMOLED display, powerful Snapdragon 8 Gen 2 chip, and S Pen functionality. Ideal for media consumption, gaming, and creative tasks.',89999.00),(106,'Samsung Galaxy Tab S8 Ultra','The Galaxy Tab S8 Ultra offers a massive 14.6-inch Super AMOLED display, Snapdragon 8 Gen 1, and S Pen support. Its built for power users who demand top performance and a large screen.',99999.00),(107,'Samsung Galaxy Tab S8','The Galaxy Tab S8 features an 11-inch LCD display with a Snapdragon 8 Gen 1 chipset. It provides excellent performance, long battery life, and S Pen support for productivity and entertainment.',69999.00),(108,'Samsung Galaxy Tab S8+','With a 12.4-inch Super AMOLED display, Snapdragon 8 Gen 1, and S Pen, the Galaxy Tab S8+ delivers a fantastic viewing experience and powerful performance for multitasking and media consumption.',84999.00),(109,'Samsung Galaxy Tab S7 FE','The Galaxy Tab S7 FE offers a large 12.4-inch display, Snapdragon 750G chipset, and a sleek design. Its a more affordable option for users who want large-screen productivity and entertainment.',45999.00),(110,'Samsung Galaxy Tab S7+','The Tab S7+ boasts a 12.4-inch Super AMOLED display, Snapdragon 865+, and S Pen support. It provides premium performance and excellent display quality for media consumption and creative tasks.',71999.00),(111,'Samsung Galaxy Tab S7','The Galaxy Tab S7 offers an 11-inch LCD screen, Snapdragon 865+, and solid performance for productivity and gaming. Its an excellent option for users who want power and portability.',58999.00),(112,'Samsung Galaxy Tab S6 Lite','The Galaxy Tab S6 Lite features a 10.4-inch display, S Pen support, and a solid performance at a budget price. Ideal for casual users and students for note-taking and light productivity.',27999.00),(113,'Samsung Galaxy Tab S6','The Galaxy Tab S6 offers a 10.5-inch Super AMOLED display, Snapdragon 855, and S Pen support. Its great for media consumption, gaming, and light productivity tasks.',49999.00),(114,'Samsung Galaxy Tab A8','The Galaxy Tab A8 features a 10.5-inch display, Octa-core processor, and a solid build for family use. Its a great budget-friendly tablet for casual web browsing, entertainment, and education.',16999.00),(115,'Samsung Galaxy Tab A7 Lite','The Tab A7 Lite offers a compact 8.7-inch display with an Octa-core processor and 4GB RAM. Its designed for budget-conscious users who need a portable tablet for entertainment and basic tasks.',11999.00),(116,'Samsung Galaxy Tab A7','The Galaxy Tab A7 comes with a 10.4-inch display, Snapdragon 662, and a powerful battery. Its a great tablet for media consumption, light gaming, and productivity on the go.',22999.00),(117,'Samsung Galaxy Tab Active4 Pro','The Galaxy Tab Active4 Pro is designed for harsh environments with IP68 rating, MIL-STD-810G certification, and a 10.1-inch display. Its perfect for professionals in tough work conditions.',68999.00),(118,'Samsung Galaxy Tab Active4','The Galaxy Tab Active4 is a rugged tablet with IP68 water and dust resistance, making it ideal for outdoor work. It has a 10.1-inch screen and rugged design for tough environments.',49999.00),(119,'Samsung Galaxy Tab E','The Tab E offers a 9.6-inch display, Snapdragon 410, and a lightweight design. Its great for casual use such as reading, web browsing, and light entertainment on a budget.',17999.00),(120,'Samsung Galaxy Tab 5SE','The Tab 5SE comes with a 10.5-inch display and solid performance, offering an affordable option for users looking for a tablet for media and light productivity.',22999.00),(121,'Samsung Galaxy View2','The Galaxy View2 is a 17.3-inch tablet with a large, immersive display. Its perfect for media lovers and home entertainment, offering excellent viewing angles and long battery life.',79999.00),(122,'Samsung Galaxy TabPro S','The Galaxy TabPro S features a 12-inch Super AMOLED display, Intel Core M processor, and Windows 10, making it ideal for users who need a powerful 2-in-1 tablet for work and play.',84999.00),(123,'Samsung Galaxy Book3 Pro','The Galaxy Book3 Pro is a powerful laptop with a 13.3-inch AMOLED display, Intel i7 processor, and long battery life, designed for productivity and professional use.',129999.00),(124,'Samsung Galaxy Book3','The Galaxy Book3 is a versatile laptop with an Intel Core i5 processor, 13.3-inch display, and sleek design, offering excellent performance for everyday tasks and media consumption.',94999.00),(125,'Samsung Galaxy Book2 Pro','The Galaxy Book2 Pro offers powerful performance with an Intel i7 processor, 16GB RAM, and 13.3-inch display. Its built for work and entertainment with ultra-fast SSD storage.',119999.00),(126,'Samsung Galaxy Book2','The Galaxy Book2 features a 15.6-inch display, Intel Core i5 processor, and solid performance for everyday tasks. Its a great mid-range option for both work and entertainment.',79999.00),(127,'Samsung Notebook 9 Pro','The Notebook 9 Pro offers a 13.3-inch touchscreen, Intel i7 processor, and a sleek aluminum body. Its designed for professionals who need power and portability in a premium package.',99999.00),(128,'Samsung Notebook 9','The Notebook 9 has a slim, lightweight design with a 15-inch display, Intel i7 processor, and long battery life. Its a great option for users seeking performance on the go.',89999.00),(129,'Samsung Notebook Flash','The Notebook Flash features a compact 13.3-inch display, Intel Celeron processor, and is ideal for casual users needing a basic laptop for browsing, streaming, and light productivity.',24999.00),(130,'Samsung Notebook Odyssey','The Notebook Odyssey is built for gamers with a 15.6-inch Full HD display, Intel i7 processor, and powerful Nvidia GTX graphics, providing smooth performance for gaming and creative work.',119999.00),(131,'Samsung Galaxy Book Flex','The Galaxy Book Flex features a 13.3-inch QLED display, Intel i7 processor, and a 2-in-1 convertible design, making it perfect for both work and entertainment with a premium feel.',139999.00),(132,'Samsung Galaxy Book Ion','The Galaxy Book Ion offers a 13.3-inch QLED display, Intel i7 processor, and ultra-light design. Its perfect for professionals looking for a balance between performance and portability.',119999.00),(133,'Samsung Notebook Plus','The Notebook Plus offers an affordable option with a 15.6-inch display, Intel Core i5 processor, and a slim design, ideal for students and casual users.',52999.00),(134,'Samsung Notebook Pro','The Samsung Notebook Pro features a high-resolution display, Intel i7 processor, and powerful specs for professional users who need reliability and performance in a laptop.',99999.00),(135,'Samsung Galaxy Book S','The Galaxy Book S features a 13.3-inch display, Qualcomm Snapdragon 8cx chipset, and ultra-long battery life, perfect for ultra-portable performance and daily tasks.',84999.00),(136,'Samsung Galaxy Book Go','The Galaxy Book Go features a 14-inch display, Qualcomm Snapdragon 7c chipset, and all-day battery life, designed for users needing a budget-friendly, portable laptop for work and study.',34999.00),(137,'Samsung Notebook 9 Always','The Notebook 9 Always offers ultra-lightweight design, 13.3-inch display, and Intel i7 processor, ideal for users who prioritize portability and long battery life.',119999.00),(138,'Samsung Notebook 9 Pen','The Notebook 9 Pen features a 13.3-inch touchscreen with S Pen support, Intel i7 processor, and an ultra-slim design, making it perfect for creatives and professionals on the go.',139999.00),(139,'Samsung Galaxy Book3 360','The Galaxy Book3 360 is a versatile 2-in-1 laptop with a 13.3-inch AMOLED display, Intel i7 processor, and convertible design, ideal for creative professionals and students.',139999.00),(140,'Samsung Galaxy Book2 Business','The Galaxy Book2 Business features a 15.6-inch display, Intel i5 processor, and enterprise-grade security, designed for business professionals and corporate environments.',99999.00),(141,'Samsung Notebook 9 Pro 360','The Notebook 9 Pro 360 offers a 15.6-inch display, Intel i7 processor, and a convertible touchscreen, perfect for users who need flexibility and power for work and entertainment.',129999.00),(142,'Samsung Galaxy Book Pro 360','The Galaxy Book Pro 360 features a 15.6-inch AMOLED display, Intel i7 processor, and S Pen support, providing flexibility, performance, and a premium user experience.',149999.00),(143,'Samsung QLED 8K Q950TS','The Q950TS is a premium 8K TV offering stunning visuals with Quantum Dot technology and advanced AI upscaling. Perfect for users seeking the best in TV viewing experiences.',499999.00),(144,'Samsung SUHD 4K JS9500','The JS9500 SUHD TV features an incredible 4K display with Quantum Dot technology, delivering vibrant colors and deep blacks for immersive viewing.',279999.00),(145,'Samsung UHD 4K KU6300','The KU6300 is a 4K UHD TV offering great picture quality and HDR support. Its designed for users seeking an affordable yet high-quality TV experience.',49999.00),(146,'Samsung QLED 4K Q90R','The Q90R offers superior picture quality with Quantum Dot technology, providing rich colors, contrast, and immersive sound, perfect for cinephiles and gamers.',169999.00),(147,'Samsung The Frame QLED 4K','The Frame is a 4K QLED TV designed to double as a piece of art, offering beautiful display quality and customizable frames, perfect for home decor.',99999.00),(148,'Samsung The Serif QLED 4K','The Serif TV offers a distinctive design with 4K QLED display, making it a statement piece with excellent picture quality and design aesthetics for modern homes.',129999.00),(149,'Samsung QLED 8K Q900R','The Q900R features 8K resolution and Quantum Dot technology, offering stunning clarity and contrast for a truly immersive viewing experience.',399999.00),(150,'Samsung SUHD 4K JS8500','The JS8500 offers 4K resolution with Quantum Dot technology, delivering vivid colors and great picture quality for an enhanced viewing experience.',199999.00),(151,'Samsung UHD 4K KU7500','The KU7500 offers a curved 4K UHD display with good color accuracy and a sleek design, providing excellent value for users looking for a mid-range TV.',64999.00),(152,'Samsung QLED 4K Q80R','The Q80R features Quantum Dot technology, providing vibrant colors and clear contrasts for a premium 4K viewing experience, ideal for sports and gaming.',149999.00),(153,'Samsung The Frame 2022','The Frame 2022 offers a 4K display and customizable design, turning your TV into a piece of art while providing excellent picture quality for home entertainment.',139999.00),(154,'Samsung Neo QLED 8K QN900B','The QN900B features Neo QLED technology with 8K resolution, providing superb brightness, deep blacks, and lifelike detail, ideal for home theater enthusiasts.',649999.00),(155,'Samsung QLED 4K Q70R','The Q70R offers Quantum Dot technology for superior color accuracy and a stunning 4K picture, perfect for any home theater setup.',99999.00),(156,'Samsung SUHD 4K JS8000','The JS8000 offers 4K UHD resolution with Quantum Dot technology, delivering bright colors and impressive contrast for an excellent viewing experience.',179999.00),(157,'Samsung UHD 4K KU6400','The KU6400 provides 4K UHD display with good color reproduction and clear contrast, offering great value for users seeking a quality TV at a budget price.',54999.00),(158,'Samsung QLED 4K Q60R','The Q60R offers rich colors, Quantum Dot technology, and a 4K resolution, providing excellent value for users seeking a high-quality yet affordable QLED TV.',79999.00),(159,'Samsung The Serif 2022','The Serif 2022 offers a stylish design with 4K resolution, perfect for users seeking an aesthetic TV with superior picture quality for home decor.',119999.00),(160,'Samsung Neo QLED 4K QN95B','The QN95B features Neo QLED technology for 4K resolution, offering incredible brightness, deep blacks, and lifelike picture quality for an immersive experience.',299999.00),(161,'Samsung QLED 8K Q950TS 2022','The Q950TS 2022 model features 8K resolution, stunning visuals, and smart AI features, delivering an unmatched viewing experience for users who demand the best.',549999.00),(162,'Samsung Crystal UHD 4K AU8000','The AU8000 offers 4K resolution with crystal-clear picture quality and a sleek design, making it an excellent budget-friendly option for users seeking UHD viewing.',54999.00);
/*!40000 ALTER TABLE `chatbot_product` ENABLE KEYS */;
UNLOCK TABLES;

--
-- Table structure for table `django_admin_log`
--

DROP TABLE IF EXISTS `django_admin_log`;
/*!40101 SET @saved_cs_client     = @@character_set_client */;
/*!50503 SET character_set_client = utf8mb4 */;
CREATE TABLE `django_admin_log` (
  `id` int NOT NULL AUTO_INCREMENT,
  `action_time` datetime(6) NOT NULL,
  `object_id` longtext,
  `object_repr` varchar(200) NOT NULL,
  `action_flag` smallint unsigned NOT NULL,
  `change_message` longtext NOT NULL,
  `content_type_id` int DEFAULT NULL,
  `user_id` int NOT NULL,
  PRIMARY KEY (`id`),
  KEY `django_admin_log_content_type_id_c4bce8eb_fk_django_co` (`content_type_id`),
  KEY `django_admin_log_user_id_c564eba6_fk_auth_user_id` (`user_id`),
  CONSTRAINT `django_admin_log_content_type_id_c4bce8eb_fk_django_co` FOREIGN KEY (`content_type_id`) REFERENCES `django_content_type` (`id`),
  CONSTRAINT `django_admin_log_user_id_c564eba6_fk_auth_user_id` FOREIGN KEY (`user_id`) REFERENCES `auth_user` (`id`),
  CONSTRAINT `django_admin_log_chk_1` CHECK ((`action_flag` >= 0))
) ENGINE=InnoDB AUTO_INCREMENT=4 DEFAULT CHARSET=utf8mb4 COLLATE=utf8mb4_0900_ai_ci;
/*!40101 SET character_set_client = @saved_cs_client */;

--
-- Dumping data for table `django_admin_log`
--

LOCK TABLES `django_admin_log` WRITE;
/*!40000 ALTER TABLE `django_admin_log` DISABLE KEYS */;
INSERT INTO `django_admin_log` VALUES (1,'2024-12-18 07:54:33.911327','1','Apple AirPods Pro',1,'[{\"added\": {}}]',7,1),(2,'2024-12-18 07:54:34.176628','2','Apple AirPods Pro',1,'[{\"added\": {}}]',7,1),(3,'2024-12-18 07:55:15.692347','2','Apple AirPods Pro',3,'',7,1);
/*!40000 ALTER TABLE `django_admin_log` ENABLE KEYS */;
UNLOCK TABLES;

--
-- Table structure for table `django_content_type`
--

DROP TABLE IF EXISTS `django_content_type`;
/*!40101 SET @saved_cs_client     = @@character_set_client */;
/*!50503 SET character_set_client = utf8mb4 */;
CREATE TABLE `django_content_type` (
  `id` int NOT NULL AUTO_INCREMENT,
  `app_label` varchar(100) NOT NULL,
  `model` varchar(100) NOT NULL,
  PRIMARY KEY (`id`),
  UNIQUE KEY `django_content_type_app_label_model_76bd3d3b_uniq` (`app_label`,`model`)
) ENGINE=InnoDB AUTO_INCREMENT=9 DEFAULT CHARSET=utf8mb4 COLLATE=utf8mb4_0900_ai_ci;
/*!40101 SET character_set_client = @saved_cs_client */;

--
-- Dumping data for table `django_content_type`
--

LOCK TABLES `django_content_type` WRITE;
/*!40000 ALTER TABLE `django_content_type` DISABLE KEYS */;
INSERT INTO `django_content_type` VALUES (1,'admin','logentry'),(3,'auth','group'),(2,'auth','permission'),(4,'auth','user'),(8,'chatbot','chat'),(7,'chatbot','product'),(5,'contenttypes','contenttype'),(6,'sessions','session');
/*!40000 ALTER TABLE `django_content_type` ENABLE KEYS */;
UNLOCK TABLES;

--
-- Table structure for table `django_migrations`
--

DROP TABLE IF EXISTS `django_migrations`;
/*!40101 SET @saved_cs_client     = @@character_set_client */;
/*!50503 SET character_set_client = utf8mb4 */;
CREATE TABLE `django_migrations` (
  `id` bigint NOT NULL AUTO_INCREMENT,
  `app` varchar(255) NOT NULL,
  `name` varchar(255) NOT NULL,
  `applied` datetime(6) NOT NULL,
  PRIMARY KEY (`id`)
) ENGINE=InnoDB AUTO_INCREMENT=20 DEFAULT CHARSET=utf8mb4 COLLATE=utf8mb4_0900_ai_ci;
/*!40101 SET character_set_client = @saved_cs_client */;

--
-- Dumping data for table `django_migrations`
--

LOCK TABLES `django_migrations` WRITE;
/*!40000 ALTER TABLE `django_migrations` DISABLE KEYS */;
INSERT INTO `django_migrations` VALUES (1,'contenttypes','0001_initial','2024-12-17 16:28:46.979398'),(2,'auth','0001_initial','2024-12-17 16:28:47.316675'),(3,'admin','0001_initial','2024-12-17 16:28:47.410131'),(4,'admin','0002_logentry_remove_auto_add','2024-12-17 16:28:47.415120'),(5,'admin','0003_logentry_add_action_flag_choices','2024-12-17 16:28:47.421099'),(6,'contenttypes','0002_remove_content_type_name','2024-12-17 16:28:47.487970'),(7,'auth','0002_alter_permission_name_max_length','2024-12-17 16:28:47.534171'),(8,'auth','0003_alter_user_email_max_length','2024-12-17 16:28:47.552117'),(9,'auth','0004_alter_user_username_opts','2024-12-17 16:28:47.557096'),(10,'auth','0005_alter_user_last_login_null','2024-12-17 16:28:47.600265'),(11,'auth','0006_require_contenttypes_0002','2024-12-17 16:28:47.601311'),(12,'auth','0007_alter_validators_add_error_messages','2024-12-17 16:28:47.606277'),(13,'auth','0008_alter_user_username_max_length','2024-12-17 16:28:47.653237'),(14,'auth','0009_alter_user_last_name_max_length','2024-12-17 16:28:47.695482'),(15,'auth','0010_alter_group_name_max_length','2024-12-17 16:28:47.707442'),(16,'auth','0011_update_proxy_permissions','2024-12-17 16:28:47.712604'),(17,'auth','0012_alter_user_first_name_max_length','2024-12-17 16:28:47.761266'),(18,'sessions','0001_initial','2024-12-17 16:28:47.800307'),(19,'chatbot','0001_initial','2024-12-18 07:24:53.240493');
/*!40000 ALTER TABLE `django_migrations` ENABLE KEYS */;
UNLOCK TABLES;

--
-- Table structure for table `django_session`
--

DROP TABLE IF EXISTS `django_session`;
/*!40101 SET @saved_cs_client     = @@character_set_client */;
/*!50503 SET character_set_client = utf8mb4 */;
CREATE TABLE `django_session` (
  `session_key` varchar(40) NOT NULL,
  `session_data` longtext NOT NULL,
  `expire_date` datetime(6) NOT NULL,
  PRIMARY KEY (`session_key`),
  KEY `django_session_expire_date_a5c62663` (`expire_date`)
) ENGINE=InnoDB DEFAULT CHARSET=utf8mb4 COLLATE=utf8mb4_0900_ai_ci;
/*!40101 SET character_set_client = @saved_cs_client */;

--
-- Dumping data for table `django_session`
--

LOCK TABLES `django_session` WRITE;
/*!40000 ALTER TABLE `django_session` DISABLE KEYS */;
INSERT INTO `django_session` VALUES ('ol1k8glnjtsqflmlnm0e0k6giff90ce9','.eJxVjEEOwiAURO_C2hCgwAeX7nsGAnyQqoGktCvj3S1JF5rMat6beRPn9624vafVLUiuRJHLbxd8fKY6AD58vTcaW93WJdCh0JN2OjdMr9vp_h0U38uxNipmoUyOUZt0RGgUyYAFKSZgTHIwDKXI2QKfZEYYWtbBo5I2cEs-X9BLN0c:1tOwtc:i6Bg_7wDjstBFAZwqMjBMKVt2jIPNaokfgjpf8JubBA','2025-01-04 10:39:44.997171');
/*!40000 ALTER TABLE `django_session` ENABLE KEYS */;
UNLOCK TABLES;
/*!40103 SET TIME_ZONE=@OLD_TIME_ZONE */;

/*!40101 SET SQL_MODE=@OLD_SQL_MODE */;
/*!40014 SET FOREIGN_KEY_CHECKS=@OLD_FOREIGN_KEY_CHECKS */;
/*!40014 SET UNIQUE_CHECKS=@OLD_UNIQUE_CHECKS */;
/*!40101 SET CHARACTER_SET_CLIENT=@OLD_CHARACTER_SET_CLIENT */;
/*!40101 SET CHARACTER_SET_RESULTS=@OLD_CHARACTER_SET_RESULTS */;
/*!40101 SET COLLATION_CONNECTION=@OLD_COLLATION_CONNECTION */;
/*!40111 SET SQL_NOTES=@OLD_SQL_NOTES */;

-- Dump completed on 2024-12-21 16:31:01
